                  epoch,         train/box_loss,         train/cls_loss,         train/dfl_loss,   metrics/precision(B),      metrics/recall(B),       metrics/mAP50(B),    metrics/mAP50-95(B),           val/box_loss,           val/cls_loss,           val/dfl_loss,                 lr/pg0,                 lr/pg1,                 lr/pg2
                      1,                 2.0162,                 2.5171,                 1.2173,                0.48559,                 0.2215,                 0.2127,                0.14181,                 1.8146,                 1.8672,                 1.1177,             0.00019456,             0.00019456,             0.00019456
                      2,                  1.817,                 1.7722,                 1.1111,                 0.4929,                0.37453,                0.33581,                 0.2272,                 1.7193,                 1.6132,                 1.0827,             0.00038863,             0.00038863,             0.00038863
                      3,                 1.7706,                 1.6089,                  1.083,                0.45541,                0.43632,                0.41961,                0.28452,                 1.6978,                 1.5442,                 1.0871,             0.00058075,             0.00058075,             0.00058075
                      4,                 1.7316,                 1.5236,                 1.0832,                0.45584,                0.48874,                0.44617,                0.30263,                 1.6645,                  1.396,                 1.0572,             0.00057927,             0.00057927,             0.00057927
                      5,                 1.6971,                 1.4588,                 1.0629,                0.53057,                0.51079,                0.50506,                0.34598,                 1.6473,                 1.3019,                 1.0445,             0.00057927,             0.00057927,             0.00057927
                      6,                 1.6865,                 1.3876,                 1.0503,                0.61417,                0.48451,                0.53463,                0.36085,                 1.6279,                  1.249,                 1.0445,             0.00057636,             0.00057636,             0.00057636
                      7,                 1.6556,                 1.3065,                  1.043,                 0.6465,                0.52009,                0.56545,                0.37905,                 1.6278,                 1.2481,                 1.0387,             0.00057345,             0.00057345,             0.00057345
                      8,                 1.6247,                 1.2556,                 1.0314,                0.67104,                0.55633,                0.58958,                0.41769,                 1.5898,                 1.1797,                 1.0285,             0.00057054,             0.00057054,             0.00057054
                      9,                 1.6179,                 1.2244,                 1.0347,                0.64049,                0.55993,                 0.6088,                0.41967,                 1.5995,                 1.1572,                 1.0199,             0.00056763,             0.00056763,             0.00056763
                     10,                  1.603,                  1.194,                 1.0084,                0.68682,                 0.5831,                0.63765,                0.43918,                 1.5663,                 1.1139,                 1.0229,             0.00056472,             0.00056472,             0.00056472
                     11,                 1.6061,                 1.1881,                  1.018,                0.67789,                0.60537,                0.65773,                0.44827,                 1.5777,                 1.1454,                 1.0145,              0.0005618,              0.0005618,              0.0005618
                     12,                 1.5518,                 1.1388,                 1.0025,                0.71817,                0.62969,                0.67724,                0.48315,                  1.535,                 1.0579,                 1.0052,             0.00055889,             0.00055889,             0.00055889
                     13,                 1.5366,                 1.1033,                 1.0017,                0.65392,                0.64788,                0.66066,                0.44666,                 1.5981,                 1.0994,                 1.0159,             0.00055598,             0.00055598,             0.00055598
                     14,                  1.507,                 1.0644,                0.99511,                0.72916,                0.68968,                0.72013,                0.50344,                 1.5284,                 1.0129,                 0.9984,             0.00055307,             0.00055307,             0.00055307
                     15,                  1.524,                 1.0482,                0.99086,                0.76069,                0.67253,                0.70267,                0.49938,                 1.5363,                 1.0325,                0.99948,             0.00055016,             0.00055016,             0.00055016
                     16,                 1.5081,                 1.0394,                0.99021,                0.75888,                 0.6862,                0.71741,                0.51806,                 1.4983,                0.98179,                0.99957,             0.00054725,             0.00054725,             0.00054725
                     17,                 1.4963,                 1.0031,                0.98553,                0.74852,                0.69701,                0.73069,                0.51454,                 1.5305,                 1.0043,                 1.0024,             0.00054434,             0.00054434,             0.00054434
                     18,                 1.4566,                  0.971,                0.97447,                0.77466,                0.70845,                0.75606,                0.53789,                 1.4775,                0.95344,                0.98593,             0.00054143,             0.00054143,             0.00054143
                     19,                 1.4983,                 0.9881,                0.98417,                0.76028,                0.70688,                0.74427,                0.52954,                 1.5102,                0.99287,                      1,             0.00053852,             0.00053852,             0.00053852
                     20,                 1.4618,                0.95555,                0.97669,                0.81056,                0.69889,                0.76122,                0.54602,                 1.5033,                0.95223,                0.99506,             0.00053561,             0.00053561,             0.00053561
                     21,                 1.4862,                0.97747,                0.97932,                0.82347,                0.71187,                0.77029,                0.56051,                 1.4605,                0.92373,                0.98842,              0.0005327,              0.0005327,              0.0005327
                     22,                  1.445,                0.93716,                0.97446,                0.80264,                0.72835,                 0.7738,                0.55812,                 1.4745,                0.92153,                0.98747,             0.00052979,             0.00052979,             0.00052979
                     23,                 1.4531,                0.92328,                0.97297,                0.81751,                0.70657,                0.76631,                0.55522,                  1.466,                 0.9048,                0.98485,             0.00052688,             0.00052688,             0.00052688
                     24,                 1.4225,                0.89434,                0.96508,                0.82971,                0.73277,                0.78042,                 0.5562,                 1.4625,                0.88037,                0.97685,             0.00052397,             0.00052397,             0.00052397
                     25,                 1.4159,                0.88223,                 0.9554,                0.85473,                0.73102,                0.78578,                0.56745,                 1.4327,                0.85929,                0.97712,             0.00052106,             0.00052106,             0.00052106
                     26,                 1.3934,                0.88372,                0.95787,                 0.8122,                  0.726,                0.77858,                0.56374,                 1.4546,                0.88293,                0.97713,             0.00051815,             0.00051815,             0.00051815
                     27,                 1.3892,                0.85482,                0.95477,                0.80676,                 0.7509,                0.78351,                0.57572,                 1.4198,                0.85235,                 0.9683,             0.00051523,             0.00051523,             0.00051523
                     28,                 1.3771,                0.83496,                0.95311,                0.82638,                0.73606,                0.80084,                0.57719,                 1.4754,                0.87108,                0.98108,             0.00051232,             0.00051232,             0.00051232
                     29,                 1.3963,                0.85772,                0.95104,                0.83984,                0.75117,                0.81156,                0.58338,                 1.4299,                0.83407,                0.97068,             0.00050941,             0.00050941,             0.00050941
                     30,                  1.358,                0.82011,                0.95081,                0.85257,                0.76738,                0.81391,                0.59555,                 1.3981,                0.80893,                0.96327,              0.0005065,              0.0005065,              0.0005065
                     31,                 1.3657,                0.81949,                0.94445,                0.85078,                0.77402,                0.82996,                0.60262,                 1.4035,                0.81151,                0.96534,             0.00050359,             0.00050359,             0.00050359
                     32,                  1.353,                0.80271,                0.93855,                0.84846,                0.77476,                0.81893,                0.60979,                 1.3934,                0.81514,                0.96237,             0.00050068,             0.00050068,             0.00050068
                     33,                 1.3417,                0.80645,                0.94457,                0.87681,                0.77712,                0.82197,                0.59319,                 1.4067,                0.81355,                0.96424,             0.00049777,             0.00049777,             0.00049777
                     34,                 1.3674,                0.80477,                0.94179,                0.86209,                0.77558,                 0.8363,                0.60627,                  1.384,                0.77801,                0.95717,             0.00049486,             0.00049486,             0.00049486
                     35,                 1.3403,                0.76784,                0.94027,                0.86495,                0.79378,                 0.8413,                0.62189,                 1.3703,                0.76133,                0.95498,             0.00049195,             0.00049195,             0.00049195
                     36,                 1.3283,                0.76457,                0.92986,                0.88239,                0.79743,                0.85233,                0.63743,                 1.3628,                 0.7631,                0.95556,             0.00048904,             0.00048904,             0.00048904
                     37,                 1.3123,                0.74704,                0.92684,                0.88118,                0.79345,                0.85255,                0.63291,                 1.3505,                0.75247,                0.94464,             0.00048613,             0.00048613,             0.00048613
                     38,                 1.2958,                0.73714,                  0.929,                0.89832,                0.80154,                0.86156,                 0.6373,                 1.3744,                0.73985,                0.95458,             0.00048322,             0.00048322,             0.00048322
                     39,                 1.3121,                 0.7588,                0.92733,                0.87644,                0.81081,                0.85889,                0.63621,                 1.3507,                0.75449,                0.94992,             0.00048031,             0.00048031,             0.00048031
                     40,                 1.2881,                0.73112,                0.92132,                 0.8914,                 0.8078,                0.86266,                0.64883,                 1.3417,                0.72023,                0.94277,              0.0004774,              0.0004774,              0.0004774
                     41,                 1.2833,                0.71486,                0.92367,                0.88671,                 0.8021,                0.85872,                0.65234,                 1.3471,                0.71827,                0.94766,             0.00047449,             0.00047449,             0.00047449
                     42,                 1.2769,                0.72451,                0.91931,                0.87817,                0.81158,                0.86518,                 0.6508,                 1.3225,                0.71656,                0.94166,             0.00047158,             0.00047158,             0.00047158
                     43,                 1.2997,                0.72362,                0.92487,                0.89049,                0.78646,                0.85665,                0.63831,                 1.3574,                0.72514,                0.95133,             0.00046867,             0.00046867,             0.00046867
                     44,                 1.2834,                0.72084,                0.91967,                0.89039,                0.82508,                0.87029,                0.64358,                  1.354,                0.70528,                0.94661,             0.00046575,             0.00046575,             0.00046575
                     45,                 1.2567,                0.70085,                 0.9172,                0.89815,                0.82013,                0.86795,                0.65162,                  1.323,                0.71965,                0.94379,             0.00046284,             0.00046284,             0.00046284
                     46,                 1.2609,                0.70062,                 0.9136,                0.87125,                 0.8198,                0.86952,                0.64029,                 1.3352,                0.70258,                0.93764,             0.00045993,             0.00045993,             0.00045993
                     47,                 1.2322,                0.68462,                0.91481,                0.88891,                0.81779,                 0.8655,                0.65643,                 1.3105,                0.69665,                 0.9357,             0.00045702,             0.00045702,             0.00045702
                     48,                 1.2559,                0.69651,                0.91641,                0.88502,                0.79668,                0.86655,                0.65181,                  1.305,                 0.6989,                0.93563,             0.00045411,             0.00045411,             0.00045411
                     49,                 1.2729,                0.69512,                0.91614,                0.90446,                0.82035,                0.87225,                0.64944,                 1.3044,                0.68948,                0.93441,              0.0004512,              0.0004512,              0.0004512
                     50,                 1.2506,                0.67691,                0.91019,                0.90206,                0.81611,                0.87412,                0.66499,                 1.3047,                0.67999,                0.93246,             0.00044829,             0.00044829,             0.00044829
                     51,                 1.2216,                0.66583,                0.90847,                0.91503,                0.80562,                0.87382,                0.65183,                 1.3089,                0.68188,                0.93046,             0.00044538,             0.00044538,             0.00044538
                     52,                 1.2002,                0.65175,                0.89721,                0.89839,                0.83756,                0.88213,                0.67621,                 1.2764,                0.65467,                0.92324,             0.00044247,             0.00044247,             0.00044247
                     53,                 1.2216,                0.66964,                0.89971,                0.90653,                0.82202,                0.87362,                 0.6687,                 1.2984,                0.67113,                0.93324,             0.00043956,             0.00043956,             0.00043956
                     54,                 1.2364,                0.66575,                0.90184,                0.88864,                0.83551,                0.88203,                0.66627,                 1.2888,                 0.6662,                0.92644,             0.00043665,             0.00043665,             0.00043665
                     55,                 1.1925,                0.64359,                0.89665,                0.90743,                0.83243,                0.88078,                0.67087,                 1.2746,                0.65732,                0.92031,             0.00043374,             0.00043374,             0.00043374
                     56,                 1.2138,                0.65241,                0.90026,                0.90789,                0.83012,                0.88728,                 0.6759,                 1.2731,                0.65294,                0.91975,             0.00043083,             0.00043083,             0.00043083
                     57,                 1.1898,                0.64144,                0.89523,                0.91802,                0.83454,                0.88702,                0.68548,                 1.2571,                0.63209,                0.91764,             0.00042792,             0.00042792,             0.00042792
                     58,                 1.1967,                0.63713,                0.89388,                0.91417,                  0.835,                0.88981,                0.67265,                 1.2726,                 0.6422,                0.92151,             0.00042501,             0.00042501,             0.00042501
                     59,                 1.1935,                0.63748,                0.88952,                0.89801,                0.84226,                0.88466,                0.67768,                 1.2595,                0.62875,                0.91811,              0.0004221,              0.0004221,              0.0004221
                     60,                 1.1775,                0.63093,                0.89404,                0.89321,                0.84725,                 0.8842,                0.67906,                 1.2578,                0.65259,                0.92354,             0.00041919,             0.00041919,             0.00041919
                     61,                 1.1816,                0.63033,                0.89255,                0.89575,                0.85196,                0.89748,                0.68613,                 1.2382,                0.62775,                0.91545,             0.00041627,             0.00041627,             0.00041627
                     62,                 1.1543,                0.61114,                0.88597,                0.90012,                0.85144,                0.89627,                0.68556,                 1.2478,                0.63061,                0.91679,             0.00041336,             0.00041336,             0.00041336
                     63,                 1.1555,                0.61385,                0.88586,                0.91865,                0.84703,                0.89886,                0.68813,                 1.2367,                0.61516,                0.91209,             0.00041045,             0.00041045,             0.00041045
                     64,                 1.1488,                0.61531,                0.88535,                0.89615,                 0.8482,                 0.8907,                 0.6723,                 1.2512,                0.62132,                0.91482,             0.00040754,             0.00040754,             0.00040754
                     65,                 1.1479,                0.60415,                 0.8853,                0.90642,                0.85129,                0.90212,                0.69111,                   1.24,                 0.6116,                0.91201,             0.00040463,             0.00040463,             0.00040463
                     66,                 1.1283,                0.59355,                0.88022,                0.93939,                0.84656,                0.89989,                 0.6904,                 1.2347,                0.61555,                0.91258,             0.00040172,             0.00040172,             0.00040172
                     67,                 1.1473,                0.60759,                0.88521,                0.90617,                0.86164,                0.90119,                0.69148,                 1.2384,                0.60253,                0.91644,             0.00039881,             0.00039881,             0.00039881
                     68,                 1.1444,                0.60598,                0.88071,                0.89466,                 0.8611,                0.89824,                0.68736,                 1.2375,                0.61216,                0.91343,              0.0003959,              0.0003959,              0.0003959
                     69,                 1.1769,                0.61897,                0.88499,                0.92483,                0.85242,                0.90289,                0.69296,                 1.2383,                0.60468,                0.91251,             0.00039299,             0.00039299,             0.00039299
                     70,                 1.1369,                0.59756,                0.87939,                0.92312,                  0.858,                 0.9016,                0.69193,                 1.2306,                0.60904,                0.91116,             0.00039008,             0.00039008,             0.00039008
                     71,                 1.1406,                0.59523,                0.88288,                0.90876,                0.84736,                0.90282,                 0.6925,                 1.2351,                0.60405,                 0.9141,             0.00038717,             0.00038717,             0.00038717
                     72,                 1.1329,                0.59774,                0.87387,                0.93143,                0.84937,                0.90505,                0.69706,                 1.2252,                0.59137,                0.91033,             0.00038426,             0.00038426,             0.00038426
                     73,                 1.1167,                0.59026,                0.87652,                0.92681,                0.84351,                0.90005,                0.69945,                 1.2162,                0.60142,                0.90711,             0.00038135,             0.00038135,             0.00038135
                     74,                 1.1244,                0.59238,                0.87725,                  0.906,                  0.853,                0.89654,                0.69192,                 1.2135,                0.59811,                0.90498,             0.00037844,             0.00037844,             0.00037844
                     75,                 1.1164,                 0.5804,                0.87396,                 0.9112,                0.85725,                 0.9015,                0.70203,                  1.195,                0.58958,                0.90293,             0.00037553,             0.00037553,             0.00037553
                     76,                 1.1079,                0.58262,                0.87615,                 0.9224,                0.85543,                0.90485,                0.70474,                 1.1962,                0.59103,                0.90405,             0.00037262,             0.00037262,             0.00037262
                     77,                 1.0816,                0.56882,                0.87418,                 0.9136,                0.86731,                0.90568,                0.70117,                 1.2091,                0.58793,                0.90586,             0.00036971,             0.00036971,             0.00036971
                     78,                  1.127,                0.58987,                0.87529,                0.89362,                0.86398,                0.89921,                 0.6913,                 1.2115,                0.59377,                0.90618,             0.00036679,             0.00036679,             0.00036679
                     79,                 1.0923,                0.56981,                0.87365,                0.91633,                0.85667,                0.90089,                0.70385,                 1.1963,                0.57838,                0.90055,             0.00036388,             0.00036388,             0.00036388
                     80,                 1.1064,                0.57737,                0.87419,                0.92343,                0.86039,                0.90239,                0.70858,                 1.1763,                0.57692,                0.89695,             0.00036097,             0.00036097,             0.00036097
                     81,                 1.1039,                0.57851,                0.86996,                0.92513,                0.86038,                0.91363,                0.70683,                 1.1941,                0.57634,                0.90203,             0.00035806,             0.00035806,             0.00035806
                     82,                 1.0842,                0.56754,                0.86741,                 0.9299,                0.86274,                0.91145,                0.71229,                 1.1921,                0.57306,                0.89921,             0.00035515,             0.00035515,             0.00035515
                     83,                 1.0767,                0.55616,                0.86663,                0.92646,                 0.8698,                0.91616,                0.71192,                 1.1879,                0.56927,                0.89577,             0.00035224,             0.00035224,             0.00035224
                     84,                  1.062,                0.55142,                0.86285,                 0.9221,                0.86973,                0.91243,                0.72002,                 1.1618,                0.56214,                0.88991,             0.00034933,             0.00034933,             0.00034933
                     85,                 1.1031,                 0.5734,                0.87092,                0.90654,                0.86081,                0.90197,                0.70458,                 1.1819,                0.57252,                0.89471,             0.00034642,             0.00034642,             0.00034642
                     86,                 1.1043,                 0.5752,                0.87186,                0.92632,                0.86463,                0.90976,                 0.7062,                 1.1851,                0.57377,                0.89627,             0.00034351,             0.00034351,             0.00034351
                     87,                 1.0801,                0.56008,                0.86404,                 0.9071,                0.87213,                0.91423,                0.71585,                  1.178,                0.56336,                0.88935,              0.0003406,              0.0003406,              0.0003406
                     88,                 1.0819,                0.55518,                0.86189,                0.92611,                0.87007,                 0.9126,                0.71314,                 1.1729,                0.55883,                0.89257,             0.00033769,             0.00033769,             0.00033769
                     89,                 1.0389,                0.53344,                0.86086,                0.92897,                0.87337,                0.91725,                0.72935,                 1.1546,                 0.5495,                0.88627,             0.00033478,             0.00033478,             0.00033478
                     90,                 1.0671,                0.54679,                0.85576,                0.93545,                0.87425,                0.91721,                0.72979,                  1.146,                0.54279,                0.88667,             0.00033187,             0.00033187,             0.00033187
                     91,                 1.0405,                0.53722,                0.85725,                0.92586,                0.88057,                0.91884,                0.72021,                 1.1643,                0.55387,                0.89021,             0.00032896,             0.00032896,             0.00032896
                     92,                 1.0176,                0.52826,                0.86002,                 0.9213,                0.88015,                0.91714,                0.72463,                 1.1536,                0.55035,                0.88807,             0.00032605,             0.00032605,             0.00032605
                     93,                 1.0248,                0.53294,                0.85752,                0.92721,                0.86952,                0.91702,                0.72485,                 1.1492,                0.55091,                 0.8864,             0.00032314,             0.00032314,             0.00032314
                     94,                 1.0441,                0.53863,                0.85793,                0.92169,                0.87572,                  0.914,                0.71929,                 1.1645,                0.55188,                 0.8924,             0.00032022,             0.00032022,             0.00032022
                     95,                 1.0252,                0.52985,                0.85668,                0.93277,                0.87182,                0.91641,                0.72849,                 1.1497,                0.54883,                0.88576,             0.00031731,             0.00031731,             0.00031731
                     96,                 1.0438,                0.53713,                0.85615,                0.93275,                0.87575,                0.92412,                0.72701,                 1.1418,                0.54243,                0.88433,              0.0003144,              0.0003144,              0.0003144
                     97,                 1.0327,                0.52948,                0.85596,                0.93232,                0.87669,                0.92101,                0.73312,                 1.1323,                0.53069,                0.88342,             0.00031149,             0.00031149,             0.00031149
                     98,                  1.034,                0.53062,                0.85487,                0.93302,                0.87086,                0.91682,                0.72455,                 1.1558,                0.54569,                0.88618,             0.00030858,             0.00030858,             0.00030858
                     99,                  1.052,                0.54105,                0.85781,                0.92479,                0.88372,                0.92245,                0.73052,                   1.14,                0.54287,                0.88599,             0.00030567,             0.00030567,             0.00030567
                    100,                 1.0129,                0.51622,                0.85637,                0.92363,                0.87927,                0.92132,                0.71803,                 1.1471,                0.54244,                0.89036,             0.00030276,             0.00030276,             0.00030276
                    101,                 1.0287,                0.52962,                0.85493,                0.94014,                0.88251,                0.92178,                 0.7303,                 1.1272,                0.53693,                0.88168,             0.00029985,             0.00029985,             0.00029985
                    102,                 1.0211,                0.52299,                0.85273,                0.92742,                0.88374,                0.92043,                0.72981,                 1.1291,                0.53551,                0.88318,             0.00029694,             0.00029694,             0.00029694
                    103,                 1.0238,                 0.5224,                0.84984,                0.92521,                0.88406,                0.92459,                0.73237,                 1.1422,                0.54236,                0.88684,             0.00029403,             0.00029403,             0.00029403
                    104,                 1.0096,                0.51482,                 0.8513,                0.93159,                0.88247,                0.92299,                0.73412,                 1.1209,                0.52984,                0.88285,             0.00029112,             0.00029112,             0.00029112
                    105,                 1.0208,                0.51962,                0.85068,                0.93096,                0.88401,                0.92383,                0.74026,                 1.1307,                0.53344,                0.88404,             0.00028821,             0.00028821,             0.00028821
                    106,                 1.0059,                0.51271,                0.85004,                0.93024,                0.88406,                 0.9221,                0.73239,                 1.1297,                0.53301,                0.88265,              0.0002853,              0.0002853,              0.0002853
                    107,                0.99289,                0.51029,                   0.85,                0.92108,                0.89113,                0.92852,                 0.7442,                 1.1156,                0.52515,                0.87871,             0.00028239,             0.00028239,             0.00028239
                    108,                 1.0142,                0.51379,                0.85168,                0.93755,                0.87064,                0.92043,                0.73353,                 1.1272,                0.53053,                0.88188,             0.00027948,             0.00027948,             0.00027948
                    109,                 1.0029,                0.51003,                0.85085,                0.93478,                0.87815,                0.92256,                0.73284,                 1.1242,                0.53099,                0.87986,             0.00027657,             0.00027657,             0.00027657
                    110,                0.99068,                0.50608,                0.84646,                0.93739,                0.87971,                0.92522,                0.74027,                 1.1112,                0.52198,                0.87945,             0.00027366,             0.00027366,             0.00027366
                    111,                 1.0054,                0.50922,                0.85303,                0.94535,                0.87831,                0.92646,                0.73201,                 1.1336,                0.52961,                  0.887,             0.00027074,             0.00027074,             0.00027074
                    112,                 1.0076,                0.51218,                0.84544,                0.94407,                 0.8794,                0.92705,                0.74061,                 1.1067,                0.51753,                0.87988,             0.00026783,             0.00026783,             0.00026783
                    113,                 1.0021,                0.51452,                0.84954,                0.92687,                0.89369,                0.92925,                0.74293,                 1.1072,                0.52606,                0.87662,             0.00026492,             0.00026492,             0.00026492
                    114,                0.98614,                0.50533,                0.84492,                0.94279,                0.89207,                0.93369,                0.75053,                 1.1039,                0.51691,                0.87667,             0.00026201,             0.00026201,             0.00026201
                    115,                0.99548,                0.50645,                0.84833,                0.92392,                0.89236,                0.92566,                0.73892,                 1.1294,                0.52127,                0.88284,              0.0002591,              0.0002591,              0.0002591
                    116,                0.96297,                0.49207,                0.84576,                0.93497,                0.88826,                0.92648,                0.74417,                 1.1005,                0.51218,                0.87594,             0.00025619,             0.00025619,             0.00025619
                    117,                0.98166,                0.49694,                0.84506,                 0.9431,                0.88006,                0.92409,                0.73709,                  1.113,                0.51638,                0.87778,             0.00025328,             0.00025328,             0.00025328
                    118,                0.97011,                0.49193,                  0.844,                0.94521,                0.88027,                0.92909,                0.74428,                 1.0857,                0.51202,                0.87376,             0.00025037,             0.00025037,             0.00025037
                    119,                0.98251,                0.49948,                0.84584,                0.93944,                0.88135,                0.92769,                0.74531,                 1.1064,                0.51358,                0.87671,             0.00024746,             0.00024746,             0.00024746
                    120,                0.95585,                0.48561,                0.84113,                0.94658,                0.89099,                0.93273,                 0.7482,                 1.0885,                 0.5049,                0.87223,             0.00024455,             0.00024455,             0.00024455
                    121,                0.97024,                0.49111,                0.84234,                0.94384,                0.89143,                0.93036,                0.74366,                 1.0958,                0.50782,                0.87537,             0.00024164,             0.00024164,             0.00024164
                    122,                0.96635,                0.48825,                0.84469,                0.94144,                0.89278,                 0.9303,                0.74327,                 1.0975,                0.51104,                0.87667,             0.00023873,             0.00023873,             0.00023873
                    123,                0.99439,                0.50324,                0.84327,                0.94286,                0.88771,                0.92715,                0.74853,                 1.0948,                 0.5135,                0.87516,             0.00023582,             0.00023582,             0.00023582
                    124,                0.97177,                0.49506,                0.84488,                0.94812,                0.88644,                 0.9288,                0.74512,                 1.0844,                0.50583,                0.87286,             0.00023291,             0.00023291,             0.00023291
                    125,                0.96424,                0.48395,                0.84339,                0.93427,                0.89623,                 0.9304,                0.74396,                 1.1093,                0.50839,                0.87718,                0.00023,                0.00023,                0.00023
                    126,                0.96076,                0.48331,                0.84114,                0.94277,                0.89552,                0.93093,                0.75295,                  1.085,                 0.4987,                0.87403,             0.00022709,             0.00022709,             0.00022709
                    127,                0.96878,                0.49133,                0.84027,                0.95374,                0.88448,                0.93112,                0.74888,                 1.0847,                0.50846,                0.87274,             0.00022417,             0.00022417,             0.00022417
                    128,                 0.9467,                0.48415,                0.84059,                0.94182,                0.88511,                 0.9338,                0.75167,                 1.0841,                0.50818,                0.87142,             0.00022126,             0.00022126,             0.00022126
                    129,                0.94479,                0.48025,                0.83972,                0.95327,                0.88041,                0.93285,                0.75337,                 1.0804,                0.50929,                0.86949,             0.00021835,             0.00021835,             0.00021835
                    130,                 0.9394,                0.47595,                 0.8404,                0.92949,                0.89947,                0.93239,                0.75033,                 1.0958,                0.50742,                  0.872,             0.00021544,             0.00021544,             0.00021544
                    131,                0.97504,                0.49033,                0.84256,                0.94362,                0.89215,                0.93577,                0.74756,                 1.0816,                0.50164,                0.87193,             0.00021253,             0.00021253,             0.00021253
                    132,                0.93956,                0.47504,                0.84185,                0.95048,                0.88722,                0.93346,                0.75113,                 1.0812,                0.49941,                0.87322,             0.00020962,             0.00020962,             0.00020962
                    133,                0.94791,                0.48085,                0.83956,                0.94793,                0.88579,                 0.9358,                0.75136,                 1.0789,                0.49767,                0.87131,             0.00020671,             0.00020671,             0.00020671
                    134,                0.94157,                0.47583,                 0.8375,                0.94836,                0.89284,                0.93631,                0.75457,                 1.0719,                0.49798,                0.86913,              0.0002038,              0.0002038,              0.0002038
                    135,                0.92857,                0.47012,                0.83913,                0.95032,                0.89382,                0.93504,                0.75498,                 1.0735,                0.49949,                0.86778,             0.00020089,             0.00020089,             0.00020089
                    136,                0.96047,                0.48432,                0.84121,                0.94537,                0.89158,                0.93451,                0.74816,                 1.0964,                0.50616,                 0.8743,             0.00019798,             0.00019798,             0.00019798
                    137,                0.94798,                0.47694,                0.83922,                0.94409,                0.89828,                0.93312,                0.75559,                  1.072,                0.49999,                 0.8709,             0.00019507,             0.00019507,             0.00019507
                    138,                0.93688,                0.47239,                0.83557,                0.95042,                0.89814,                0.93629,                0.75704,                 1.0643,                0.48982,                0.86775,             0.00019216,             0.00019216,             0.00019216
                    139,                0.91991,                0.46304,                0.83462,                0.95045,                0.89352,                0.93229,                0.75498,                 1.0657,                0.49078,                0.86786,             0.00018925,             0.00018925,             0.00018925
                    140,                0.91582,                0.46022,                0.83616,                0.95185,                 0.8939,                0.93884,                0.77081,                 1.0518,                0.49115,                0.86611,             0.00018634,             0.00018634,             0.00018634
                    141,                0.93304,                0.47308,                0.83567,                0.93615,                0.90266,                0.93614,                0.76466,                 1.0538,                 0.4832,                0.86659,             0.00018343,             0.00018343,             0.00018343
                    142,                0.91189,                0.45987,                0.83133,                0.94767,                  0.894,                0.93599,                0.75986,                 1.0558,                0.48457,                  0.866,             0.00018052,             0.00018052,             0.00018052
                    143,                0.92033,                0.46199,                0.83414,                0.94117,                0.89212,                0.93458,                0.76058,                 1.0588,                0.48912,                0.86719,             0.00017761,             0.00017761,             0.00017761
                    144,                0.90422,                 0.4542,                0.83163,                0.94203,                0.89702,                0.93497,                0.76397,                 1.0427,                0.48002,                0.86313,             0.00017469,             0.00017469,             0.00017469
                    145,                0.91022,                 0.4565,                0.83257,                 0.9335,                 0.8992,                0.93494,                 0.7535,                 1.0657,                0.48485,                0.86719,             0.00017178,             0.00017178,             0.00017178
                    146,                0.91898,                0.45982,                0.83218,                0.95197,                0.88235,                0.93365,                0.75944,                 1.0642,                0.48786,                0.86773,             0.00016887,             0.00016887,             0.00016887
                    147,                0.89647,                0.45222,                0.83149,                0.93011,                0.89245,                0.93558,                 0.7639,                 1.0397,                0.47875,                0.86193,             0.00016596,             0.00016596,             0.00016596
                    148,                0.89877,                0.45169,                0.82951,                0.94755,                0.88647,                 0.9354,                0.75918,                 1.0555,                0.48415,                0.86416,             0.00016305,             0.00016305,             0.00016305
                    149,                0.88812,                0.44828,                0.83224,                0.94214,                0.89953,                0.93865,                0.76386,                 1.0481,                0.48006,                0.86437,             0.00016014,             0.00016014,             0.00016014
                    150,                0.90078,                0.45601,                0.83295,                0.95275,                 0.8908,                0.94003,                0.76347,                 1.0468,                0.48044,                 0.8653,             0.00015723,             0.00015723,             0.00015723
                    151,                0.91598,                0.46065,                0.83334,                0.95235,                0.89207,                0.94226,                0.76501,                  1.043,                0.48192,                0.86449,             0.00015432,             0.00015432,             0.00015432
                    152,                0.88094,                0.44547,                0.82849,                0.93444,                0.90948,                 0.9418,                0.76355,                 1.0422,                0.48135,                0.86271,             0.00015141,             0.00015141,             0.00015141
                    153,                 0.8896,                0.44655,                0.83172,                0.95765,                 0.8918,                0.94049,                0.76646,                 1.0441,                0.48118,                0.86338,              0.0001485,              0.0001485,              0.0001485
                    154,                 0.8974,                0.44766,                0.82927,                0.95871,                0.89384,                0.94239,                0.76376,                 1.0476,                0.48304,                0.86361,             0.00014559,             0.00014559,             0.00014559
                    155,                0.89872,                0.45013,                0.82766,                0.95639,                0.89764,                0.94173,                0.76594,                 1.0432,                0.47805,                0.86327,             0.00014268,             0.00014268,             0.00014268
                    156,                0.89608,                0.44785,                0.82817,                0.95076,                0.90241,                0.94233,                0.76476,                 1.0375,                0.47492,                0.86114,             0.00013977,             0.00013977,             0.00013977
                    157,                0.87268,                0.43986,                0.82698,                0.95484,                 0.8966,                  0.943,                0.77031,                 1.0322,                 0.4737,                  0.862,             0.00013686,             0.00013686,             0.00013686
                    158,                0.87356,                0.43884,                 0.8275,                0.95388,                0.89498,                0.94179,                0.77074,                  1.026,                0.47256,                0.85947,             0.00013395,             0.00013395,             0.00013395
                    159,                0.87224,                0.43942,                0.82663,                0.94733,                0.90178,                 0.9418,                0.77101,                 1.0295,                0.47506,                0.86197,             0.00013104,             0.00013104,             0.00013104
                    160,                0.88536,                0.44349,                0.82747,                 0.9505,                0.90538,                0.94355,                0.77429,                 1.0219,                0.47142,                 0.8592,             0.00012813,             0.00012813,             0.00012813
                    161,                0.88363,                0.44161,                0.82419,                0.94848,                0.90387,                0.94195,                0.77591,                 1.0219,                 0.4694,                0.85917,             0.00012521,             0.00012521,             0.00012521
                    162,                0.86334,                0.43451,                0.82609,                0.95129,                0.89788,                0.93994,                0.77095,                 1.0216,                0.47098,                0.85821,              0.0001223,              0.0001223,              0.0001223
                    163,                0.86865,                0.43505,                0.82663,                 0.9536,                0.90073,                0.93868,                0.76919,                  1.026,                0.46855,                0.86095,             0.00011939,             0.00011939,             0.00011939
                    164,                0.84818,                0.42585,                0.82164,                0.94489,                0.90554,                0.94071,                0.76996,                 1.0219,                0.46883,                0.85947,             0.00011648,             0.00011648,             0.00011648
                    165,                0.86149,                0.43157,                0.82573,                0.94315,                0.90761,                0.94208,                0.77168,                 1.0191,                0.46606,                0.85936,             0.00011357,             0.00011357,             0.00011357
                    166,                0.85352,                0.42934,                0.82379,                0.95632,                0.89798,                0.94251,                0.77356,                  1.017,                0.46384,                0.85854,             0.00011066,             0.00011066,             0.00011066
                    167,                0.85115,                0.42779,                0.82414,                0.94899,                0.90421,                0.94373,                0.77524,                 1.0123,                0.46481,                0.85755,             0.00010775,             0.00010775,             0.00010775
                    168,                0.84175,                0.42246,                0.82199,                0.94636,                0.90692,                0.94424,                0.77377,                 1.0137,                0.46298,                0.85867,             0.00010484,             0.00010484,             0.00010484
                    169,                0.85608,                0.42989,                0.82378,                 0.9541,                0.90004,                0.94534,                0.77089,                 1.0181,                0.46502,                0.85986,             0.00010193,             0.00010193,             0.00010193
                    170,                0.86085,                0.42927,                0.82309,                0.95284,                0.90232,                0.94506,                0.77144,                 1.0179,                 0.4603,                 0.8581,             9.9019e-05,             9.9019e-05,             9.9019e-05
                    171,                0.86505,                0.43186,                0.82315,                0.95125,                0.90393,                0.94425,                0.77609,                 1.0114,                0.46058,                0.85642,             9.6109e-05,             9.6109e-05,             9.6109e-05
                    172,                0.84615,                 0.4266,                0.82092,                0.94158,                0.91185,                0.94424,                0.77512,                 1.0168,                0.46237,                0.85806,             9.3198e-05,             9.3198e-05,             9.3198e-05
                    173,                0.84567,                0.42393,                0.82358,                0.94727,                0.90789,                0.94503,                0.77493,                 1.0112,                0.46033,                0.85701,             9.0287e-05,             9.0287e-05,             9.0287e-05
                    174,                0.85426,                0.42962,                0.81837,                0.94487,                0.91121,                0.94226,                0.77486,                 1.0054,                0.45965,                 0.8563,             8.7377e-05,             8.7377e-05,             8.7377e-05
                    175,                0.85279,                0.42715,                0.82206,                0.94046,                0.90763,                 0.9402,                0.77267,                 1.0078,                0.45819,                0.85693,             8.4466e-05,             8.4466e-05,             8.4466e-05
                    176,                0.85539,                0.42904,                 0.8223,                0.93825,                0.91481,                0.94406,                 0.7767,                 1.0077,                0.45678,                0.85583,             8.1556e-05,             8.1556e-05,             8.1556e-05
                    177,                0.83356,                0.41506,                 0.8192,                0.94488,                0.91439,                0.94664,                0.77963,                0.99794,                0.45436,                0.85322,             7.8645e-05,             7.8645e-05,             7.8645e-05
                    178,                0.83654,                0.41667,                 0.8214,                0.94178,                0.91268,                0.94541,                0.77854,                0.99867,                0.45801,                0.85433,             7.5734e-05,             7.5734e-05,             7.5734e-05
                    179,                 0.8091,                0.40593,                0.81824,                0.95149,                0.90789,                0.94632,                0.77677,                 1.0033,                0.45742,                0.85474,             7.2824e-05,             7.2824e-05,             7.2824e-05
                    180,                0.83935,                0.41836,                0.81908,                0.95574,                 0.9052,                0.94402,                0.77324,                 1.0092,                0.45797,                 0.8561,             6.9913e-05,             6.9913e-05,             6.9913e-05
                    181,                0.82188,                 0.4124,                0.82013,                0.95117,                0.91039,                0.94355,                0.77547,                 1.0001,                0.45822,                0.85471,             6.7003e-05,             6.7003e-05,             6.7003e-05
                    182,                0.83463,                0.41648,                0.82052,                0.95141,                0.90758,                0.94326,                0.77375,                   1.01,                 0.4591,                0.85552,             6.4092e-05,             6.4092e-05,             6.4092e-05
                    183,                0.83426,                0.41963,                0.81754,                0.95288,                0.90502,                0.94435,                0.77808,                 1.0001,                0.45483,                0.85424,             6.1181e-05,             6.1181e-05,             6.1181e-05
                    184,                0.82331,                0.41243,                0.81793,                 0.9551,                0.90298,                 0.9449,                0.78006,                 1.0027,                0.45625,                0.85454,             5.8271e-05,             5.8271e-05,             5.8271e-05
                    185,                0.81839,                0.40884,                0.81719,                0.95173,                0.90304,                0.94387,                0.77696,                0.99994,                 0.4572,                0.85504,              5.536e-05,              5.536e-05,              5.536e-05
                    186,                0.81528,                0.40871,                0.81672,                0.95302,                0.90546,                0.94375,                0.77693,                0.99978,                0.45831,                0.85504,              5.245e-05,              5.245e-05,              5.245e-05
                    187,                0.82871,                0.41481,                0.81939,                0.95267,                0.90833,                0.94603,                0.77863,                0.99729,                0.45374,                0.85366,             4.9539e-05,             4.9539e-05,             4.9539e-05
                    188,                0.81983,                0.41301,                0.81896,                0.95579,                0.90547,                0.94623,                0.77744,                 1.0058,                0.45392,                0.85609,             4.6628e-05,             4.6628e-05,             4.6628e-05
                    189,                0.82229,                0.41135,                0.81683,                0.96178,                0.90398,                0.94747,                0.78508,                0.98592,                 0.4503,                0.85335,             4.3718e-05,             4.3718e-05,             4.3718e-05
                    190,                0.82883,                0.41441,                 0.8168,                0.95324,                0.90547,                0.94605,                0.78146,                0.98109,                0.44906,                0.85223,             4.0807e-05,             4.0807e-05,             4.0807e-05
                    191,                0.85518,                 0.4157,                  0.816,                 0.9462,                0.90917,                0.94455,                0.78011,                 0.9856,                0.45288,                0.85523,             3.7897e-05,             3.7897e-05,             3.7897e-05
                    192,                0.84777,                0.41694,                0.81737,                  0.949,                0.90982,                0.94416,                0.78164,                0.98648,                0.45263,                0.85535,             3.4986e-05,             3.4986e-05,             3.4986e-05
                    193,                0.84882,                0.41411,                 0.8184,                0.93733,                0.91634,                0.94487,                0.78154,                0.98276,                0.45046,                0.85357,             3.2075e-05,             3.2075e-05,             3.2075e-05
                    194,                 0.8415,                0.41396,                0.81676,                0.94854,                0.90903,                0.94452,                0.78079,                0.98787,                0.45083,                0.85448,             2.9165e-05,             2.9165e-05,             2.9165e-05
                    195,                0.83426,                0.40698,                 0.8155,                0.94657,                0.91179,                0.94479,                0.78195,                0.98484,                0.44945,                0.85381,             2.6254e-05,             2.6254e-05,             2.6254e-05
                    196,                0.82815,                0.40306,                0.81515,                0.94546,                0.91396,                0.94521,                0.78326,                0.98259,                0.44741,                0.85341,             2.3344e-05,             2.3344e-05,             2.3344e-05
                    197,                 0.8297,                0.40419,                0.81348,                0.94266,                0.91178,                0.94544,                0.78093,                0.98592,                0.45093,                0.85458,             2.0433e-05,             2.0433e-05,             2.0433e-05
                    198,                0.82445,                0.40299,                0.81466,                0.93855,                0.91556,                0.94504,                0.78594,                 0.9763,                0.44741,                0.85211,             1.7522e-05,             1.7522e-05,             1.7522e-05
                    199,                   0.83,                0.40648,                0.81213,                0.93549,                0.91585,                0.94517,                0.78605,                0.97805,                0.44823,                 0.8524,             1.4612e-05,             1.4612e-05,             1.4612e-05
                    200,                0.82328,                0.40387,                0.81235,                0.93547,                0.91826,                 0.9457,                0.78476,                0.97946,                0.44738,                0.85294,             1.1701e-05,             1.1701e-05,             1.1701e-05
